IPv4 Address,Timeout Start,Timeout End,Timeout Duration
IP_address3,20201019133424,20201019133954,00000000000530
IP_address2,20201019133454,20201019134554,00000000001071
IP_address1,20201019133854,20201019134454,00000000000566
IP_address3,20201019134054,20201019134324,00000000000263
IP_address1,20201019134624,20201019134654,00000000000030
IP_address2,20201019134754,20201019134954,00000000000162
IP_address3,20201019134824,20201019135054,00000000000230
IP_address1,20201019134854,20201019135224,00000000000364
IP_address2,20201019135024,20201019135324,00000000000263
IP_address2,20201019135524,20201019135724,00000000000162
IP_address2,20201019135754,20201019140054,00000000000263
IP_address3,20201019135824,20201019140324,00000000000465
IP_address3,20201019140424,20201019140654,00000000000230
IP_address1,20201019140454,20201019140524,00000000000061
